{"cameraMode":{"drawMode":0,"name":"Shaded","section":"Shading Mode"},"sceneLighting":true,"audioPlay":false,"sceneViewState":{"m_AlwaysRefresh":false,"showFog":true,"showSkybox":true,"showFlares":true,"showImageEffects":true,"showParticleSystems":true,"showVisualEffectGraphs":true,"m_FxEnabled":true},"in2DMode":false,"pivot":{"x":560.7740478515625,"y":-63.00140380859375,"z":13.271684646606446},"rotation":{"x":-0.044123440980911258,"y":-0.7260496616363525,"z":0.04742450267076492,"w":-0.6848248243331909},"size":261.76031494140627,"orthographic":false}